{
    "version": 1,
    "disable_existing_loggers": false,
    "formatters": {
        "simple": {
            "format": "%(asctime)s %(levelname)s - %(funcName)s: %(message)s",
            "datefmt": "%Y-%m-%d %H:%M"
        }
    },

    "handlers": {
        "default": {
            "level":"INFO",
            "formatter": "simple",
            "class":"logging.StreamHandler"
        }
    },
    "loggers": {
        "beemapi.node": {
            "level": "ERROR",
            "handlers": ["default"],
            "propagate": false
        },
        "": {
            "handlers": ["default"],
            "level": "INFO"
        }
    }
}